<?xml version="1.0" encoding="UTF-8"?>

<DefPackage-SoundDef>


  <SoundDef>
    <defName>SmallLas</defName>
    <eventNames />
           <maxVoices>8</maxVoices>
           <maxSimultaneous>1</maxSimultaneous>
    <subSounds>
      <li>
        <grains>
          <li Class="AudioGrain_Folder">
            <clipPath>LasShot</clipPath>
          </li>
        </grains>
        <volumeRange>
          <min>40</min>
          <max>50</max>
        </volumeRange>
        <pitchRange>
          <min>0.83</min>
          <max>1.32</max>
        </pitchRange>
      </li>
    </subSounds>
  </SoundDef>

  
  
</DefPackage-SoundDef>