﻿<?xml version="1.0" encoding="utf-8" ?>
<ThingDefs>

	<ThingDef Name="ApparelBase" Abstract="True">
		<thingClass>Apparel</thingClass>
		<category>Item</category>
		<selectable>True</selectable>
		<pathCost>10</pathCost>
		<useHitPoints>True</useHitPoints>
		<graphicData>
			<onGroundRandomRotateAngle>35</onGroundRandomRotateAngle>
		</graphicData>
		<drawGUIOverlay>true</drawGUIOverlay>
		<statBases>
			<MaxHitPoints>100</MaxHitPoints>
			<Flammability>1.0</Flammability>
			<DeteriorationRate>2</DeteriorationRate>
			<SellPriceFactor>0.5</SellPriceFactor>
		</statBases>
		<altitudeLayer>Item</altitudeLayer>
		<alwaysHaulable>True</alwaysHaulable>
		<tickerType>Never</tickerType>
		<thingCategories>
			<li>CadianApparel</li>
		</thingCategories>
		<comps>
			<li Class="CompProperties_Forbiddable"/>
			<li>
				<compClass>CompColorable</compClass>
			</li>
			<li>
				<compClass>CompQuality</compClass>
			</li>
		</comps>
	</ThingDef>
	
	
	<ThingDef Name="ArmourMakeableBase" ParentName="ApparelBase" Abstract="True">
		<recipeMaker>
			<workSpeedStat>SmithingSpeed</workSpeedStat>
			<workSkill>Crafting</workSkill>
			<effectWorking>Smith</effectWorking>
			<soundWorking>Recipe_Machining</soundWorking>
			<recipeUsers>
				<li>TableMachining</li>
			</recipeUsers>
			<unfinishedThingDef>UnfinishedTechArmor</unfinishedThingDef>
		</recipeMaker>
	</ThingDef>
	
  <ThingDef Name="ArmorHelmetMakeableBase" ParentName="ArmorMakeableBase" Abstract="True">
    <thingCategories>
      <li>CadianApparel</li>
    </thingCategories>
  </ThingDef>  
  
  
  
<!-- Flak Vest -->
  
	<ThingDef ParentName="ArmourMakeableBase">
		<defName>Cadian_Flak_Armour</defName>
		<label>Cadian Flak Vest</label>
		<description>Standard issue Cadian Regiment armour. It might stop something...</description>
		<graphicData>
			<texPath>Armour/Flak_Armour/Flak</texPath>
			<graphicClass>Graphic_Single</graphicClass>
		</graphicData>
		<statBases>
			<MaxHitPoints>160</MaxHitPoints>
			<WorkToMake>36000</WorkToMake>
			<ArmorRating_Blunt>0.30</ArmorRating_Blunt>
			<ArmorRating_Sharp>0.50</ArmorRating_Sharp>
			<ArmorRating_Heat>0.20</ArmorRating_Heat>
			<Insulation_Cold>-4</Insulation_Cold>
		</statBases>	
		<costList>
			<Component>2</Component>
			<FlakPlate>8</FlakPlate>
		</costList>		
		<equippedStatOffsets>
			<MoveSpeed>-0.07</MoveSpeed>
			<WorkSpeedGlobal>-0.05</WorkSpeedGlobal>
		</equippedStatOffsets>
		<apparel>
			<bodyPartGroups>
				<li>Torso</li>
				<li>Shoulders</li>
			</bodyPartGroups>
			<worngraphicPath>Armour/Flak_Armour/Flak</worngraphicPath>
			<layers>
				<li>Middle</li>
			</layers>
			<commonality>1</commonality>
			<tags>
				<li>Military</li>
				<li>Outlander</li>
			</tags>
			<defaultOutfitTags>
				<li>Soldier</li>
			</defaultOutfitTags>
		</apparel>
	
	</ThingDef>

<!-- Flak Helmet -->

<ThingDef ParentName="ArmorHelmetMakeableBase">
    <defName>Cadian_Flak_Helmet</defName>
    <label>Cadian Flak Helmet</label>
    <description>When you're out of ammo, your helmet will suffice as a projectile.</description>
    <techLevel>Industrial</techLevel>
    <recipeMaker>
      <unfinishedThingDef>UnfinishedTechArmor</unfinishedThingDef>
    </recipeMaker>
    <graphicData>
      <texPath>Armour/Flak_Helmet/FlakHelm</texPath>
      <graphicClass>Graphic_Single</graphicClass>
    </graphicData>
    <statBases>
      <WorkToMake>8000</WorkToMake>
      <MaxHitPoints>100</MaxHitPoints>
      <MarketValue>225</MarketValue>
      <ArmorRating_Blunt>0.1</ArmorRating_Blunt>
      <ArmorRating_Sharp>0.3</ArmorRating_Sharp>
      <ArmorRating_Heat>0.1</ArmorRating_Heat>
    </statBases>
    <costList>
      <Component>2</Component>
      <FlakPlate>3</FlakPlate>
    </costList>
    <equippedStatOffsets>
      <MoveSpeed>-0.01</MoveSpeed>
    </equippedStatOffsets>
    <apparel>
      <bodyPartGroups>
        <li>UpperHead</li>
      </bodyPartGroups>
      <worngraphicPath>Armour/Flak_Helmet/FlakHelm</worngraphicPath>
      <layers>
        <li>Overhead</li>
      </layers>
      <commonality>1</commonality>
      <tags>
        <li>Military</li>
      </tags>
      <defaultOutfitTags>
        <li>Soldier</li>
      </defaultOutfitTags>
    </apparel>
    
  </ThingDef>



</ThingDefs>