<?xml version="1.0" encoding="UTF-8"?>
<ThingDefs>


	<ThingDef Name="BaseGun" Abstract="True">
		<category>Item</category>
		<thingClass>ThingWithComps</thingClass>
		<equipmentType>Primary</equipmentType>
		<pathCost>10</pathCost>
		<useHitPoints>True</useHitPoints>
		<selectable>True</selectable>
		<graphicData>
			<onGroundRandomRotateAngle>35</onGroundRandomRotateAngle>
		</graphicData>
		<drawGUIOverlay>true</drawGUIOverlay>
		<statBases>
			<MaxHitPoints>100</MaxHitPoints>
			<Flammability>0.1</Flammability>
			<DeteriorationRate>0.2</DeteriorationRate>
			<SellPriceFactor>0.6</SellPriceFactor>
		</statBases>
		<altitudeLayer>Item</altitudeLayer>
		<alwaysHaulable>True</alwaysHaulable>
		<tickerType>Never</tickerType>
		<thingCategories>
			<li>CadianWeapons</li>
		</thingCategories>
		<inspectorTabs>
			<li>ITab_Art</li>
		</inspectorTabs>
		<comps>
			<li Class="CompProperties_Forbiddable"/>
			<li>
				<compClass>CompEquippable</compClass>
			</li>
			<li>
				<compClass>CompQuality</compClass>
			</li>
			<li Class="CompProperties_Art">
				<nameMaker>ArtName_WeaponGun</nameMaker>
				<descriptionMaker>ArtDescription_WeaponGun</descriptionMaker>
				<minQualityForArtistic>Excellent</minQualityForArtistic>
			</li>
		</comps>	
		<smeltProducts>
			<Steel>40</Steel>
		</smeltProducts>
	</ThingDef>


	<ThingDef Name="BaseHumanGun" ParentName="BaseGun" Abstract="True">
		<weaponTags>
			<li>CadianGun</li>
		</weaponTags>
	</ThingDef>


	<ThingDef Name="WeaponMakeableBase" ParentName="BaseGun" Abstract="True">
		<recipeMaker>
			<workSpeedStat>SmithingSpeed</workSpeedStat>
			<workSkill>Crafting</workSkill>
			<effectWorking>Smith</effectWorking>
			<soundWorking>Recipe_Machining</soundWorking>
			<recipeUsers>
				<li>TableMachining</li>
			</recipeUsers>
			<unfinishedThingDef>UnfinishedWeapon</unfinishedThingDef>
		</recipeMaker>
	</ThingDef>



	<ThingDef Name="BaseBullet" Abstract="True">
		<category>Projectile</category>
		<tickerType>Normal</tickerType>
		<altitudeLayer>Projectile</altitudeLayer>
		<thingClass>Bullet</thingClass>
		<label>bullet</label>
		<useHitPoints>False</useHitPoints>
		<neverMultiSelect>True</neverMultiSelect>
		<graphicData>
			<shaderType>Transparent</shaderType>
		</graphicData>
	</ThingDef>

  <ThingDef ParentName="BaseBullet">
    <defName>Las</defName>
    <label>Las</label>
    <graphicData>
    <texPath>Weapons/Projectile/Bullet_Laser</texPath>
    <graphicClass>Graphic_Single</graphicClass>
    </graphicData>
    <projectile>
      <flyOverhead>false</flyOverhead>
      <damageDef>Bullet</damageDef>
      <damageAmountBase>11</damageAmountBase>
      <speed>100</speed>
    </projectile>
  </ThingDef>

<!-- M36 Kantrael Lasgun -->

	<ThingDef ParentName="WeaponMakeableBase">
		<defName>Gun_LasKantrael</defName>
		<label>M36 Kantrael Lasgun</label>
		<description>A glorified flashlight.</description>
		<techLevel>Industrial</techLevel>
    <graphicData>
		<texPath>Weapons/M36_Kantrael</texPath>
		<graphicClass>Graphic_Single</graphicClass>
    </graphicData>
		<soundInteract>InteractChargeRifle</soundInteract>
		<statBases>
		   <WorkToMake>36000</WorkToMake>
     	   <MarketValue>1400</MarketValue>
         <AccuracyTouch>0.79</AccuracyTouch>
         <AccuracyShort>0.87</AccuracyShort>
         <AccuracyMedium>0.74</AccuracyMedium>
         <AccuracyLong>0.68</AccuracyLong>
         <RangedWeapon_Cooldown>0.6</RangedWeapon_Cooldown>
		</statBases>
		<costList>
			<Component>2</Component>
			<Steel>80</Steel>
		</costList>	
    <weaponTags>
      <li>CadianGun</li>
    </weaponTags>

	<equippedStatOffsets>
		<MoveSpeed>-0.05</MoveSpeed>
		<WorkSpeedGlobal>-0.05</WorkSpeedGlobal>
	</equippedStatOffsets>
		<verbs>
			<li>
				<verbClass>Verb_Shoot</verbClass>
				<hasStandardCommand>true</hasStandardCommand>
				<projectileDef>Las</projectileDef>
				<range>31</range>
				<warmupTicks>60</warmupTicks>
				<burstShotCount>1</burstShotCount>
				<ticksBetweenBurstShots>8</ticksBetweenBurstShots>
				<soundCast>SmallLas</soundCast>
        		<muzzleFlashScale>9</muzzleFlashScale>
			</li>
		</verbs>
    <!-- <smeltProducts>
  		<Steel>20</Steel>
		<Plasteel>20</Plasteel>
    </smeltProducts> -->
	</ThingDef>

</ThingDefs>