﻿<?xml version="1.0" encoding="utf-8" ?>
<ThingDefs>

<ThingDef Name="ResourceBase" Abstract="True">
    <thingClass>ThingWithComps</thingClass>
    <label>unspecified resource</label>
    <category>Item</category>
    <resourceReadoutPriority>Middle</resourceReadoutPriority>
    <useHitPoints>true</useHitPoints>
    <selectable>true</selectable>
    <altitudeLayer>Item</altitudeLayer>
    <stackLimit>40</stackLimit>
    <comps>
      <li>
        <compClass>CompForbiddable</compClass>
      </li>
    </comps>
    <alwaysHaulable>true</alwaysHaulable>
    <drawGUIOverlay>true</drawGUIOverlay>
    <rotatable>false</rotatable>
    <pathCost>15</pathCost>
  </ThingDef>

  <ThingDef Name="ResourceVerbBase" ParentName="ResourceBase" Abstract="True">
    <equipmentType>Primary</equipmentType>
    <techLevel>Industrial</techLevel>
    <comps>
      <li>
        <compClass>CompEquippable</compClass>
      </li>
    </comps>
  </ThingDef>


<!-- Flak Plate -->

	<ThingDef ParentName="ResourceBase">
    <defName>FlakPlate</defName>
    <label>Flak Plate</label>
    <description>Treated ablative and shock resistant materials sewn into ballistic nylon. Those Catachan folks call them "chicken plates".</description>
    <graphicData>
      <texPath>Resource/Flakplate</texPath>
      <graphicClass>Graphic_Random</graphicClass>
    </graphicData>
    <soundInteract>Metal_Drop</soundInteract>
    <soundDrop>Metal_Drop</soundDrop>
    <statBases>
       <WorkToMake>3000</WorkToMake>
      <MarketValue>23.0</MarketValue>
      <SharpDamageMultiplier>0.8</SharpDamageMultiplier>
      <BluntDamageMultiplier>1</BluntDamageMultiplier>
    </statBases>
    <useHitPoints>false</useHitPoints>
    <thingCategories>
      <li>ResourcesRaw</li>
    </thingCategories>
    <deepCommonality>4</deepCommonality>
    <stuffProps>
      <categories>
        <li>Metallic</li>
      </categories>
      <commonality>1.00</commonality>
      <constructEffect>ConstructMetal</constructEffect>
      <soundImpactStuff>BulletImpactMetal</soundImpactStuff>
      <soundMeleeHitSharp>MeleeHit_Metal_Sharp</soundMeleeHitSharp>
      <soundMeleeHitBlunt>MeleeHit_Metal_Blunt</soundMeleeHitBlunt>
      <statFactors>
        <MaxHitPoints>1</MaxHitPoints>
        <Beauty>1</Beauty>
        <Flammability>0.2</Flammability>
        <MeleeWeapon_Cooldown>1</MeleeWeapon_Cooldown>
      </statFactors>
      <smeltable>true</smeltable>
    </stuffProps>
  </ThingDef>


<ThingDef Name="ResourceMakeableBase" ParentName="ResourceBase" Abstract="True">
		<recipeMaker>
			<workSpeedStat>SmithingSpeed</workSpeedStat>
			<workSkill>Crafting</workSkill>
			<effectWorking>Smith</effectWorking>
			<soundWorking>Recipe_Smith</soundWorking>
			<recipeUsers>
			   <li>FueledSmithy</li>
				<li>ElectricSmithy</li>
			</recipeUsers>
			<unfinishedThingDef>UnfinishedComponent</unfinishedThingDef>
		</recipeMaker>
	</ThingDef>

</ThingDefs>