﻿<?xml version="1.0" encoding="utf-8" ?>
<RecipeDefs>
  
  <RecipeDef>
    <defName>MakeFlakPlate</defName>
    <label>Make Flak Plate</label>
    <description>Craft a Flak Plate</description>
    <jobString>Making Flak Plate.</jobString>
    <workSpeedStat>SmithingSpeed</workSpeedStat>
    <effectWorking>Cook</effectWorking>
    <soundWorking>Recipe_Machining</soundWorking>
    <allowMixingIngredients>true</allowMixingIngredients>
    <workAmount>1200</workAmount>
    <ingredients>
      <li>
        <filter>
          <thingDefs>
            <li>Cloth</li>
          </thingDefs>
        </filter>
        <count>30</count>
      </li>
      <li>
        <filter>
          <thingDefs>
            <li>Steel</li>
          </thingDefs>
        </filter>
        <count>10</count>
      </li>
    </ingredients>
    <fixedIngredientFilter>
      <thingDefs>
        <li>Cloth</li>
        <li>Steel</li>
      </thingDefs>
    </fixedIngredientFilter>
    <products>
      <FlakPlate>1</FlakPlate>
    </products>
    <recipeUsers>
        <li>FueledSmithy</li>
        <li>ElectricSmithy</li>
		</recipeUsers>
    <workSkill>Crafting</workSkill>
  </RecipeDef>

</RecipeDefs>